"0x000000000000000000000000000000000000dead","1"
"0x0144c8a1c8691c93da212609b7e1041e64210468","19"
"0x04f19722cc685fe3adbb3efc69de969b21fa3569","5"
"0x050a560ad5f501cc6fc7dd9b10482051fc56d24b","26"
"0x05996007c6071d2aead99b1c6b712bfb888bb71c","10"
"0x0735832e9f0037ac8ab6b10d7d264f9b38a9d6a7","6"
"0x07be036f5baeda1115b1132e2412900d85985510","2"
"0x07c7d4ee6fa803114d863bde46bcff5a5157de1c","1"
"0x07ff43fef899f5c69d5f771f44f12954455fd8e2","4"
"0x08463568344ec6862904b188b5a26bb81aa12201","1"
"0x09d7418a0b62e70d94ada390b09e482ad2d85e1c","1"
"0x09f0e2f6ac543ee7653c05f592fbb2f5d1f8cb2a","9"
"0x0a0f313c154338e40bfbf33e946299cddd259f0d","1"
"0x0aaf12e967bf6a00c863735aab30031a9aaac429","10"
"0x0ba248d14c1edeeff527854024c41fc60fc2b42b","20"
"0x0be8bc490093ebd4361f14ecf64977a6519a9b48","7"
"0x0d182abb31c5c5060502bec2c4153f9747e598bb","1"
"0x0d69383021a62e31644472ee75c71648e9bc1d2f","1"
"0x0da90deaa61e8c2b6ab82023e72bedc0be82c4f1","8"
"0x10a9eae4d9186c7f666a80ad64df1fdc8e0d2b1d","1"
"0x11717fb8c74bc3fe1268cee13898ba6f550763d5","18"
"0x121e9da048d70e70caa07bf7c7548bcce906835a","3"
"0x1349f0975fe8313e765f37b6d7b6fbdfdb13d025","5"
"0x155e32a5fc0dac7b069ac4cd82bf0b1b73a1e7e5","1"
"0x159f7a2e758d8f16615d6ce6b35040d4c629a38f","2"
"0x15a5ee798fe010cdc18295c30af76ae475211fd2","5"
"0x162196a46ae350ab10fe219bca715cd28bb90d22","1"
"0x174382f5c66ab9045ee784aaa9c201e84e289338","16"
"0x1746a9fa5d8ffa2fe85911f7956156f7f148847b","6"
"0x1807bba25e904a8798ebe50c5b2735996ad68c27","1"
"0x18101f05f8180b4ca5347c990544aaede8b7425e","15"
"0x1a0c5f0d1684e8cc8459d6d9cb919977cb6668c1","2"
"0x1a107fcb3f05654d45dd417f549546fc0e63d7ca","2"
"0x1a305bebdaa5b821b22f47d10cd7c1bab915bad5","1"
"0x1ac8d541b8643b8bc15d3a48e76826597f4dca55","50"
"0x1b6bc7ea3b3612d7e43842e5bee97433a89b4afd","1"
"0x1d6fa76b3a383cb9ab4151f9ab1597bc95948a4c","20"
"0x1da58933f381edf6f09e9faf2ca789b48e58bafb","100"
"0x1e59fd8de7d13cf7681658e5f9f318326840f8df","20"
"0x1f428262b898a3adcaae1508f0c708a9151610c6","28"
"0x1ff5fd0c5a7fc3c74ab2e407e23ed0855ee20697","12"
"0x2083b4d378239304cddb7f4ed1df31349e3ef7f6","10"
"0x21f27f429b289007cd682d587893b95338d73803","2"
"0x22035d938b3fe388586f362c3bcf5471383a2ac9","5"
"0x227602e85370b8b58c3f43b75cfcc380293d46c7","8"
"0x22ed4a07ed8b6cbbf8505124bd93170bf979ead0","1"
"0x24306bdc0ad35c844e8f5e9d869974fb8f584607","13"
"0x2447c20c6225da4cdaa30179b39c1399f947f953","3"
"0x24576f2193b7c09d372e834fdc120d79257cb447","22"
"0x25104e2ec7bf52f3ff9d688737a9ed7ce7680adc","2"
"0x255b45c04f138a037afe7c57da3f8d1cfb4115c4","3"
"0x256a0f2c2e4e25be77d0fd4fd240367c30b72f51","99"
"0x264366130e553183a764cb7cae236181cfce9f5e","5"
"0x2687b8f2762d557fbc8cfbb5a73aee71fdd5c604","2"
"0x274c723813adc7c0242bde23008c413cc3ad7692","30"
"0x278e1dbe867d4157b85b841c1be343be9a252b07","1"
"0x28224e9a97876f8cf6398a03775b10a0536db741","153"
"0x283349c3d6ca4c67f92ef8e086db75a5e3b30b4a","1"
"0x28cdf78dcd8a2e97f5e56062fcbdc8084a1827ad","50"
"0x2930b195caba1618fe69da90fd8f60f16e6b66f5","11"
"0x293927b0d79190110888f6ce37f943f065121506","1"
"0x2bac1c1675ea6ffa9b85a69624d03d605fe67846","2"
"0x2c064aa8abe232babf7a32932f7ab7c4e22b3885","1"
"0x2c2c67b6ad0fa3b3a5455770ce1bf43a6ace02ac","1"
"0x2cad00ebaf3d6d5b2435338d8999252a527bdc2d","1"
"0x2d5207efea0d9fcfafc234f07388d9b095350c93","10"
"0x2db053a1c06fb7d2c4d783d7bd4b1b0d4e3ccc3a","7"
"0x300ce77dafd2c0e91fe0b4dcf49bd068f1b936c3","6"
"0x30ece5b508e58deb520cf71ba8f69cda3472fdf3","1"
"0x32e98b4f2a678ab14211d844034c16134204f25b","3"
"0x32f2895b0b5f00ff53ec6279f02876a6cabc3c85","95"
"0x343dfd70e8f8cb4aa895a036c5d0860c69d50236","3"
"0x34486d30bb1d9acb60f60d27b7717bede2c68a36","20"
"0x34ad3f00c4abbe169ec1203be34de622671381af","2"
"0x352a08f487bc0c765c88a657729e927ab6a8d83c","5"
"0x360cbbd9c3f3545b4a0825e1bbda64ef370b279f","1"
"0x36cae665915960bfeace3eab66b1cb2a0b3b723a","164"
"0x3710fe20fe3b93bc90cfc2a0806e32ff930338f8","1"
"0x3722bc2806edd9a5a7151327a12eaac38c3da089","10"
"0x37d84263acd62a99e99e2e9a71766b79b9ad3ff0","1"
"0x38f3e5d737e14580162ece6a23a8b548b725e880","5"
"0x39351f3b8abc2540bad03926be7694a0d7e66085","2"
"0x39ea75f28af4fb2354ee08b5e6b18e31db236787","1"
"0x3a6ad82fa99bc786545409fc98b490a85f137695","1"
"0x3ac9e19507b2bebd1ea1d29f51c5ea36d221e780","6"
"0x3bd3d4c9e3a94d7e66357b6b80727ab948f7cf21","3"
"0x3c323d953dd4c2089188739509ecd642dbdd33be","1"
"0x3eafc0f3f731a142084c8d83cbfc4b902cf052ec","1"
"0x4031c03871a3e1ed5557f527d9cb983dd4797ac8","6"
"0x4173262e7b4f3288fd49989dae59f5d5ad289291","1"
"0x424016f8059fe832f8c38bc8429adcee00d58fdd","1"
"0x425ab2051e0cb14701bd00bfa7e65aa57da252df","42"
"0x42c69511953c56ea6ffbacf840da370ab82b83e8","13"
"0x434eb950ef67470f1c255bdacd1b6a39e1c67a14","2"
"0x444e2db32b1fd1bb4cacb546f2d6832427e9c646","4"
"0x474b8ceaad690a8c9ca8840efe48917d642e9e53","10"
"0x495b7807507fd839501d86c1ca8e84ac9295710d","5"
"0x49723bb74dcdad9bcdba97fa63686684ba5714d4","1"
"0x4a82c4fd2e757de7aeab8996da95b0a363009c74","1"
"0x4ab4f4a4e382793bcd25176e8d6a5891fa64a5c9","3"
"0x4b8db3eee0dbf35a3d13d910e48ab29b57eaf381","8"
"0x4cf2c4de3a6a379470815d6cabadbd8577ba8b35","3"
"0x4db791031a793c1aefa3214ad2ef2223e11d0a24","17"
"0x4df5335ffae910ed28ff7ccd0412ca44e53e926e","2"
"0x50105a8cffee4b8f843fdb0ff947cff3051a0520","2"
"0x51ebef5b2eca862cc26c402e65058642a03696ba","2"
"0x531524f530b2accde6f4eb1db1f6006722a57b37","4"
"0x53586fe029d8e5c645f5bc4d9514d291d9166261","1"
"0x54ca2155b9cd7f5937a6087a39c55682193e42e1","14"
"0x54d300b961df1d470296dbaffcdebf2f76ac0a88","113"
"0x54e60273e3ddac8aee7c4a1ae799ac91322ee0f6","1"
"0x56dda7a588320f20ce3beeac29ca08279973d78f","1"
"0x57a6eea3a6cb37bc9b65866e9cdbbc52d0f9e116","1"
"0x591f8a2decc1c86cce0c7bea22fa921c2c72fb95","12"
"0x5943ca679fac6f9284718adb4065ef284ef5f5ff","1"
"0x594d3831698de6f1b946163ed4876e990e31d421","5"
"0x5b33ea8b7836ff4d14c75f0d461fc67a23d777f0","4"
"0x5c1a3cd12b66b38ff52b4ad90a7bc23425e30023","2"
"0x5d06bbd476deb800a1ae6a4a8eb12628580d837d","2"
"0x5d300f524ef4ad000eccb14b005ba790265b96c7","5"
"0x5d84c00cdc2abacfefeef83dda8b5e4995f59294","2"
"0x5f07e22668a29d7ce9074cb94ef5ec458f77d4c1","2"
"0x5feccf279b28bfc972bd06c79665b55e44d94b1c","1"
"0x6006fd9ead65d5534fe0cfce96e300ac51194ad5","14"
"0x62794186e721a14780ff2382d9b695457a442bb9","2"
"0x62b0184f1c852601bf57df64eba15d54f1c2db2b","3"
"0x62c46784e6fbbe766fa2ccba3330a5d749d37b72","4"
"0x632935146013ba7381ecd293a8b90c8aff818b9c","17"
"0x6564e9241f6eea5a0e5df1443f02d5b0320fae6f","9"
"0x65fb47ce9108b5c937caa3e9707fcb581cf14b0e","3"
"0x66557b7caaced6215d206e78526f7b7ee6a1842a","2"
"0x670f2c2172d5af2def7b8b1d3dd33f63f8c589ec","1"
"0x6748c23cb9d9f40ac75ec2c43106a8bc3197f82e","6"
"0x678469ca566bee59c2ee779b09976b8072b572bb","1"
"0x68365e692b7d46d7287905aa40160c8eea322b47","4"
"0x6853b875c8fafb9df34d720933dbef334324822e","5"
"0x686a0af16d26dd698c623e01f752a78e0a612479","2"
"0x68a333921e94c31f2b7e1cc5abdf6409a0cdd6c0","13"
"0x698b13c6413eb652c2188941589515e39b5b9091","19"
"0x69c0d742b429764e1b10c82e0002d56f0a92fe3b","5"
"0x69d2ae270f11280467302f1c794dd443e649e478","8"
"0x6ae7737ffb0e7862de7d6f77f48e72ac693bc363","1"
"0x6b4983cff0d886c062ca663e1502aa8c7d94ebe5","2"
"0x6bacc18289823b6e8fafae0f1bbc80d301455fa4","6"
"0x6c414f94194e3c0ff752a1d24d0dcc577f418193","1"
"0x6c75881d661f2d0d160011bdc967263c02d18357","3"
"0x6d172968a80b780123648cd05a342a980c4e12ca","2"
"0x6d3c240860b7fd8613e4837575ca35bc51876ead","11"
"0x6d81d9a6387610181c02b435886c28f5c14082a5","3"
"0x6f478b0517d26ae9cf2251abe232ea2ee3ef8f4b","4"
"0x6f585209648c6983d68db0832840f618413a9cf8","4"
"0x6fb1b3e05df9a12b2bbb4a0cbefefbae644cccfe","1"
"0x6fd496aecfe6d392ad34322372b861473eaa2105","3"
"0x6fe45a06eb4dd15a05b542f53d5f3c496021c430","3"
"0x70e1b51989e28b23add92f8d1050ee25636b1f0c","3"
"0x71da842ff20aff3833a4ea7d6f15b10b2f50e35c","9"
"0x71e39b6eb61f73ac505eed6cec25e48a8f6e6de9","5"
"0x720478ad6ec430140e282e17c0f48f6bc50258ba","3"
"0x727d7f5664e47be8aa01658a952069618ce738fd","1"
"0x74c473f363809d4462a17397c2f416ebcb5a4ece","4"
"0x74f04dc8e81e121755f9c9353085d1587f42cb8d","9"
"0x7536b5bfceb896057bc9209bdd9a7b97aa0418b0","29"
"0x76b54fcf8432c0b20a334feec430c0cebd67b071","1"
"0x7734c878688638701c36cd42637841a1524f1d27","182"
"0x778fe031687cb628de761dac965a9b2acc2cff28","9"
"0x784c1fd6503ca63989339001eb5c448577b6783b","30"
"0x7b2ffe139191b962c1f5686ae5025d4a64eaf2ee","3"
"0x7b37ae72e3e6a8330002f16865707aa26154a0af","110"
"0x7d3658d367bfae8325cb7e6c6992161f39ba9719","50"
"0x7d5deabd408de86ff8bd8c0fa77aaae49dc56b70","3"
"0x7d694112f45e263ea248168700a59e2cde490fdc","1"
"0x7d807bea2b4325bec13231aae3f2b3ae355d626d","1"
"0x7f9b48021c6e6aef86c6563ab2fa031bdaeec3a9","4"
"0x8001f39e78095095d064c479e886fde9b26fc390","1"
"0x80ae8be9ddbf4372954aae15c4aeba6464d79baf","5"
"0x812d7fbab15ada04a69ef77221225b83d32d310c","49"
"0x814dba71d0a064dbe28dfbc9f33b4063722620b0","5"
"0x81c4c188dacc70a1e4452b6bb3879a2e125c89d2","1"
"0x831a81fa489b3e8ec6e8b56776a0aa78dc24c74f","1"
"0x83c3b26509e92c4edfb16b46b20556ef46b07909","2"
"0x84aaaf0294c36551042c6681dfa0838fb2c3a66c","25"
"0x84bb5f1d4420b872a435cda39ecc49cb2f7a140b","5"
"0x85884781f0cb4f5bcdbe46679663cc930f0d51f5","82"
"0x85d4b10812204b5ad1e05dd8ce5c5384e583d4e2","3"
"0x85d7e076163eb1fb86162832dab1b5da87aaf981","1"
"0x85f3fa6c4bcae7a342da955c35a49b874a8e08ff","2"
"0x860f4d513fd15789af2d5942ff80a637fd4a27d7","1"
"0x86173528ca463a1fd164b5b219ea0b944204a528","10"
"0x8629d20300e1b93d169af3c143bcc9c2ab662d71","2"
"0x8656025c50f0ec44f2a114c98ba0a446b8b7b28e","1"
"0x87b218641bd6611531c70211aab3d514f8a1731b","13"
"0x88e137bd3c1d8e94162b48034b221335f7ace9ff","1"
"0x899bff3d1a3592dcbba5fe11ff230cb87539c5c5","76"
"0x89a55d60956a071a58c27fb6376fecb19ecf197f","1"
"0x8c2116bc5b1d04a5319156eb8100ce3f5fc74bd5","2"
"0x8cbe859ed0dd03ae78cacacf0e539c9ad4c197be","1"
"0x8db973eecd14d658180a9b78b07a16f66d06920c","9"
"0x8dbf6b34d823ad58c88f826d6afd6863a13122e5","3"
"0x8ded135a82742d8a6525dd467d302ef34628f21e","15"
"0x8f85da98b6cd6951e9ccdcba776b24f404a7cce9","1"
"0x8fb448b51e6d6c3d07fe59d8e8d4766560f76991","52"
"0x9054390476042fb17afe1061082e3e46a7637cb4","3"
"0x9058a6df1674964996bdbe1a35304367e6f0e7de","14"
"0x905bcaf1e8ddc86f228b95068063765bb4750704","15"
"0x90a79df35a425694cc6d86022ff0f2abf1cb7813","16"
"0x93bcf9d3af436fad94b4ba980e4590cfe45d77da","2"
"0x94b65bc4bde4524fefda35ffeeb90218bc15b66c","1"
"0x95893796445fd4af70899bd147151919ff5a3605","17"
"0x95ee6d92dd595590ee4194c254787836366f3179","2"
"0x970e82c7d8c3649f747769dd41cc51f22c811c75","2"
"0x99b95f21f48651b9473012a91796d5c5cd226c19","101"
"0x9ac944ada45531304ab9adab06c5cf575e35a203","39"
"0x9b52a90c2a7c2d0c476de449e4f5400306368aea","6"
"0x9b55b3448471a393682ceb895042470dd4b86cff","1"
"0x9bcebbb078ee2d86fd0d9eaf9afd07a152beed1c","12"
"0x9c48f233a3cf6c95496844ca418acea9bf5ee143","4"
"0x9c9eaef819ff2b0b7d21f23f881710dab9b16c29","59"
"0x9cb51b11317157776bea1ea2e904bf7a4474a4df","2"
"0x9dfcabbe7cac0c13658a6f7ab999565de044ffcc","2"
"0xa007d946bad4e53c4e57f37e7e10bef28e5bbc5e","1"
"0xa01db4332d4b646b75842b9a094f4187fb38958b","1"
"0xa0ca33ec3a437a24a2c3424c1d49a88c9cd62fd8","1"
"0xa1d80730e04fd7da39ee755424d51269ddbc082f","1"
"0xa2fe06b8b3ce3887bec864e71ad5ff6b480bb463","33"
"0xa3609c5e507e7dded0036bb7e43bba9832293c7b","30"
"0xa50459d0fdd7e183254f1632e493ad8f4947bb24","35"
"0xa719b83fc387fa2a24ad7587400e206797e942e6","5"
"0xa7a78045251d8be6ed56e5bd3f09cccedb2dbd1b","2"
"0xa7cf1bfb46b8be063ec0d8b65506dec05ca73cf5","3"
"0xa86322a72bd98c269e0d72dc79594a25e3461b0b","1"
"0xa86a82606c161f1e24f68e13232239406fbdfc38","1"
"0xa8c36cf930842d734912e28423df7f95b28618d3","2"
"0xa8f045c97bab4aef16b5e2d84de16f581d1c7654","114"
"0xa902bb5809c225f58c5f2e53087c97978a00aac7","1"
"0xa9722a78cdc99f8c87fca5b6a9f36a37f93199d6","1"
"0xa9f46856f70d4935c41d2a682aa24d553801b0f5","150"
"0xaa5f4abcef7945f350645aed38dc4fee9e037ce9","7"
"0xaabc271ce7a47faa8cbdfe55673a4103bde81999","2"
"0xab1b9521de0f0a30c43817c66c54c06a95548058","2"
"0xaba4792e6715c712df01f436f7cd9c5c2fc32ed9","3"
"0xabcf0acd650db812faef2dfe5790f696a064e1ed","1"
"0xac492b0fec41590ecb08b0edbbefa3319cfc7e1f","1"
"0xace4f4a061e5487ce77b7a0397f9acd7ada8bf4f","1"
"0xacf20245c0e60e4e79a1d080e03d7112354be47c","5"
"0xae3c3d8f7d0bca3ac8191d470173fba38ac6338d","22"
"0xae97a8bfa58d9573aaba7b7d4339f9e027936bb7","2"
"0xaee9142fbb594d2fdb270d6497428ef5880167e9","6"
"0xaf28b3ff0969e56368d83137faf2b04d1d39cf6a","1"
"0xaf3ce683cd9593f63206f359625d7ee1c62072e9","1"
"0xaf708ad676a9558206e108afc07bd798dda0dafd","1"
"0xafa9bb2c6ed4b369ddaac0b510700165d1d40fc5","4"
"0xb0396c7b1102a978a87a863fbca7fd095b933d58","5"
"0xb079d24ba76df7208fb55a047275d1f8737654b6","1"
"0xb07fb9076c9f421efc915385ce3effae3182842f","2"
"0xb0a4ba8ab848a84581c464e6e17cae2e620769ee","1"
"0xb20a6b24e3c6ea252cc3b3073706add5bf6908c8","1"
"0xb3676e348d0a77a8cc01964135d098d746346bf8","16"
"0xb46e03ae1d184a4090efb086bddce57770ef976e","3"
"0xb5bdca6e33fda852bd9df0fc6a3dd3ead7ac5a4a","73"
"0xb6df0e7e7be8e6b3ec047cdffbddc198357d9d65","1"
"0xb745364b2cdae4da02e513566c2fa3418a6d6826","1"
"0xb7608d4e47f867eea5d8eb8379ed95238ceb2d2d","1"
"0xb7f879787cf0ebd6825eb3234dad90d1659948f0","1"
"0xb832d4b24045690f5fc4476703fe0a35b4861f93","7"
"0xb8fbf753c312a9f019b73904daa2804383ab7324","13"
"0xb8fc44eb23fc325356198818d0ef2fec7ac0b6d7","1"
"0xb9143a229badfcecd570e26e26bfc1d33d2a1fe6","3"
"0xba4540a3d4914ec852a554fdbffc80f0820f989e","1"
"0xbb070baf5c12a125b87cb3a08bed6d397b9d962b","15"
"0xbb7b86161d49a62dc0fb9f5124500c7384dd1339","1"
"0xbc1e4fac9c0e10d466aaad6d35bb79241325b5c5","10"
"0xbcf03166d5609df19b0c0c1b1659966cbb0ca5d9","2"
"0xbec8a402549eba6f67722105a18da3389d9f094d","1"
"0xbeebcda5a3b321787caf342ffed6a458f29e6f15","3"
"0xbfcdd24ba91b346bdf0b335a5162e928e25f1735","34"
"0xc0a514315815c66e9b555e49b97b3b6ec04408b6","5"
"0xc145cd123da54f67cc2e61ff5d6338445b61de73","4"
"0xc177cd31e6b23201e75411148787cd596b9233d1","72"
"0xc2fd353fcd0a0e3c99f3e15a60508961ac890a79","1"
"0xc319d409a8b297289e2aba17b289c2925f41c857","1"
"0xc4af1032aa1564beea7d3c21cc0c3048c1880304","1"
"0xc7db6357d08e5a29b1bc3adf518bff3cdf635af7","30"
"0xc7e04e68b835df274b647881cc105a2b5fad36f5","3"
"0xc825d89c6f5247c37d84db625d49f2d0299fa401","1"
"0xc8cb5f540e0585de84cf838de01c37e62dc131d7","2"
"0xc92a25bdc029d8a55ec82b50ee9eb3dedb2305ac","11"
"0xc937b9426e1b02df7418fea86888922acf5203e3","3"
"0xc9fac24a346f6bc3a240641d8921a4b91f760bf4","1"
"0xca7dbcd7d9773cd9f64ebd73920dca9ce43c49ad","1"
"0xcb0de375ac3d35cb4346704d40127dbc92acfde7","10"
"0xcbbb2733ec931ad094f791ac6256b2749c1dc3c1","200"
"0xcc58c190f7b55eee00f09437d766f05913194f7e","50"
"0xccf7ab664a9f51e0c3f6130950a575ae4f45f3a7","1"
"0xcd87e8992b908779232414f6ff7507f899649077","2"
"0xcdfe5f8f08ed476e0ccc4cadbc3fe0d1b42876d3","2"
"0xce621e1db598a3a60006f402d7530af7f3ae737f","10"
"0xcef845fcd3645f27722bbcf0f3583f0ce4168026","1"
"0xcf2c5699a8696f9578d1992dbd1b2ce61b6e441d","91"
"0xcfec52223af7aa6546036e464cdab388432c91fa","1"
"0xd03c4c2b5998bf77692fddf6018a45ff822be8ab","1"
"0xd1032a082da6dbb606787e377dc77ec57d50ab91","1"
"0xd1049a4e6ade876b93ffac2689012a880bbfd31b","5"
"0xd197b24eb9a74e1acf7c0f258b1d6937bd98c62a","2"
"0xd393985069bba87edb407d1e9772b7f265073001","1"
"0xd62137ddf43160b8fbd4c5cee170e4747091fa15","3"
"0xd670e1330ae2c044769b77935c4768436b63bf3b","3"
"0xd6de065069632b7871208016e6f7bf57e32a30dc","2"
"0xd744ec54a619f2474d331d382b820c39422f32ba","1"
"0xd78220606d2c2e67554b95686eeea12aba7a6625","2"
"0xd7bf52dc6498788c60337ab83876e3d37b6a345a","2"
"0xd7ff2d1588d47cdcece05e33968a84a6bdc2feb1","6"
"0xd803633480e7ee47403a80fcb7d3bfb8fd6d601f","14"
"0xd80ff0e3a570e66324ecdcb0da32425f77466e2c","15"
"0xd82dc63fa437cd41e1659f993cb394a0dd2fd115","2"
"0xd85686984df2d99afe2d2cf48d5aaea84a516de2","1"
"0xd9bd57133f1b17d6cff4baaafb2c7d57bded7b0f","25"
"0xdac82863b5ac45bef8df418c47874b3e97cc5b49","1"
"0xdade2ed550a70eed39a43b07791e689e18d1ec60","1"
"0xdb8ba5a25542cd744482ee5e63d27ade9e7d927c","2"
"0xdd156cb6552ace53af81eb2c647110bd4486224a","3"
"0xdd1c982c2169485136d0349df562494642adb305","7"
"0xde63f011b86767ad578980ffe1f5ded77ebc4265","1"
"0xdec111f162838bdc81336f4e01065fe06309075d","1"
"0xe05345732079186c49d3c98a28cdc40b656ef445","1"
"0xe118b4f9cffbce9530831ce1ab8d426e6274ba47","3"
"0xe127542c51a1acf674ca076c33f954abf3460b02","5"
"0xe14b4585795befea1b08a4317b46ca218000ac93","9"
"0xe19c93c8b77ddf06c9dd8e77d867d19920336666","1"
"0xe32a47d3fc34f17cbf4fe3e7fa9e7aebd7ed10c6","8"
"0xe5475694dbda631a7d88fff7d1b751a457b76824","1"
"0xe599aa2bfbdf6e0bc042f83c80f16aa66bfa04bf","5"
"0xe5f44679300c5fa44cee33be6cc40173bb9a268c","15"
"0xe653ab25aebcbb3fdf1a7618a2d7a56b6d8fc11c","1"
"0xe83e50a7b1d8d02832eab3edb8d1cb381ef79704","6"
"0xe8761b3270d7e5dbc6c56a81625df1c728ff9ea9","5"
"0xe95c99b3ccde316624d6318433c17a53e7dd3d18","150"
"0xe9af94a913099d37bd01ecd168a181a20847c732","3"
"0xeb11d86833e1cd7bb1aedc1abeaea904b38ea21d","3"
"0xee81e0b37a1736234bedfd6d37d38df1a570787d","15"
"0xeedcc4d7d9ea1c9c1d1944717a1dfc73663d7d45","2"
"0xf1d0d0d85d975fba31700ce3c8d2ba07c7468e7d","2"
"0xf20b0673718bf4df7e1132eb6bdaadc7330a20fe","1"
"0xf34b1b5d188743eb0970095d0f578a103366ee25","5"
"0xf438a2d2bfd0ba733708348519222c80fc7b521d","1"
"0xf51490b452fd12eae4674005343002b37db2cb6c","1"
"0xf6da0f62eeb7d27a3c181d92f849fca1ec8f32e1","1"
"0xf7c4788e335f4c9b67e8d28eb90f5fd0347bf5b5","2"
"0xf7f832498d5fcbb95c435b8ba8ac26231afc8606","2"
"0xf80853697a855346f6d3c5e4ee5d5fb41a005586","1"
"0xf8a4d48323ab962581feaabb5621ffd5db8fb4c0","1"
"0xfb43f0333aeaa535582141cf28ab209ae85ad52a","3"
"0xfce303560116d5880b8cc59bfa3aca5b24c0297b","1"
"0xfdcc8aff007890cd3cf0be646be50898d3914835","8"
"0xfe2bfc5b6de568bbbede911477defc08d3dd557f","2"
"0xfe60acbdb8487b61d015a999a7519c087c3904e8","5"
"0xfebe5cb3cf3274e9570b71bf5ff8aa4590f375eb","2"
"0xfed79641f2f8aeca217a25a57bf9da1b0cca3575","1"
"0xffccf17d09e0585e7c1ba3a3584fc9356c93d11f","5"